sk_tempo,selic_aa,ipca_mensal,ipca_12m,dolar_medio,selic_real_aa,var_cambial_12m_pct,flag_tem_producao
200201,19.05,0.52,7.62,2.3779,10.620702471659538,,1
200202,18.97,0.36,7.51,2.4196,10.659473537345377,,1
200203,18.72,0.6,7.75,2.3466,10.180974477958248,,1
200204,18.38,0.8,7.98,2.3204,9.631413224671226,,1
200205,18.37,0.21,7.77,2.4804,9.835761343602112,,1
200206,18.1,0.42,7.66,2.714,9.697194872747538,,1
200207,18.17,1.19,7.51,2.9346,9.915356711003632,,1
200208,17.84,0.65,7.46,3.1101,9.659408151870451,,1
200209,17.89,0.72,7.93,3.342,9.228203465208939,,1
200210,19.59,1.31,8.45,3.8059,10.272014753342539,,1
200211,21.25,3.02,10.93,3.5764,9.303164157576838,,1
200212,23.03,2.1,12.53,3.6259,9.330845107971196,,1
200301,25.06,2.25,14.47,3.4384,9.251332226784292,44.598174860170744,1
200302,25.68,1.57,15.85,3.5908,8.485110056107015,48.4046949909076,1
200303,26.32,1.23,16.57,3.4469,8.364073089130986,46.889116168072945,1
200304,26.32,0.97,16.77,3.1187,8.178470497559287,34.40355111187727,1
200305,26.31,0.61,17.24,2.9557,7.736267485499826,19.16223189808097,1
200306,26.09,-0.15,16.57,2.8832,8.166766749592513,6.234340456890197,1
200307,25.36,0.2,15.43,2.8798,8.602616304253651,-1.8673754515095786,1
200308,23.5,0.34,15.07,3.0025,7.3259754931780385,-3.459695829716092,1
200309,21.02,0.78,15.14,2.9228,5.1068264721208845,-12.543387193297429,1
200310,19.54,0.29,13.98,2.8615,4.878048780487809,-24.81410441682651,1
200311,18.31,0.34,11.02,2.9138,6.566384435236894,-18.527010401521082,1
200312,16.91,0.52,9.3,2.9253,6.962488563586455,-19.322099340853306,1
200401,16.32,0.76,7.71,2.8518,7.993686751462259,-17.06026058631922,1
200402,16.3,0.61,6.69,2.9303,9.007404630237147,-18.394229698117414,1
200403,16.19,0.47,5.89,2.9055,9.72707526678629,-15.706867039948936,1
200404,15.96,0.37,5.26,2.906,10.16530495914878,-6.820149421233202,1
200405,15.77,0.51,5.15,3.1004,10.099857346647623,4.895625401766068,1
200406,15.8,0.71,6.06,3.1291,9.183481048463138,8.52871809100999,1
200407,15.77,0.91,6.81,3.0368,8.388727647224027,5.451767483853054,1
200408,15.86,0.69,7.18,3.0029,8.098525844373938,0.013322231473766877,1
200409,16.09,0.33,6.7,2.8911,8.800374882849127,-1.084576433556872,1
200410,16.41,0.44,6.86,2.8529,8.936926820138492,-0.30054167394722997,1
200411,16.96,0.69,7.24,2.786,9.063782170831768,-4.386025121834036,1
200412,17.5,0.86,7.6,2.7182,9.20074349442379,-7.079615765904357,1
200501,17.93,0.58,7.41,2.693,9.794246345777857,-5.5684129321831755,1
200502,18.47,0.59,7.39,2.5978,10.317534221063385,-11.3469610620073,1
200503,18.97,0.61,7.54,2.7047,10.628603310396144,-6.911030803648255,1
200504,19.32,0.87,8.07,2.5792,10.409919496622555,-11.245698554714378,1
200505,19.61,0.49,8.05,2.4528,10.6987505784359,-20.887627402915754,1
200506,19.75,-0.02,7.27,2.4135,11.63419408968025,-22.869195615352666,1
200507,19.72,0.25,6.57,2.3735,12.339307497419538,-21.842070600632248,1
200508,19.75,0.17,6.02,2.3606,12.950386719486895,-21.389323653801327,1
200509,19.61,0.35,6.04,2.2944,12.79705771407016,-20.63920307149527,1
200510,19.25,0.75,6.36,2.2565,12.119217751034196,-20.905043990325634,1
200511,18.87,0.55,6.22,2.2108,11.909244963283761,-20.646087580760952,1
200512,18.24,0.36,5.69,2.2855,11.874349512725901,-15.918622617908918,1
200601,17.65,0.59,5.7,2.2739,11.30558183538315,-15.562569624953593,1
200602,17.28,0.41,5.51,2.1619,11.155340725997554,-16.779582723843244,1
200603,16.74,0.43,5.32,2.152,10.843144701861007,-20.43479868377268,1
200604,16.19,0.21,4.63,2.1293,11.048456465640832,-17.443393300248133,1
200605,15.7,0.1,4.23,2.1781,11.00450925837091,-11.199445531637299,1
200606,15.18,-0.21,4.03,2.2483,10.718062097471881,-6.844831158069198,1
200607,14.98,0.19,3.97,2.1893,10.589593151870712,-7.760690962713301,1
200608,14.66,0.05,3.84,2.1559,10.419876733436073,-8.671524188765567,1
200609,14.17,0.21,3.7,2.1687,10.096432015429135,-5.478556485355657,1
200610,13.95,0.33,3.26,2.1483,10.352508231648262,-4.795036561045873,1
200611,13.65,0.31,3.02,2.1579,10.318384779654433,-2.3927989867920996,1
200612,13.19,0.48,3.14,2.1499,9.74403723094821,-5.933056224020994,1
200701,13.13,0.44,2.99,2.1385,9.845616079230979,-5.954527463828652,1
200702,12.93,0.44,3.02,2.0963,9.619491360900788,-3.034367917109959,1
200703,12.74,0.37,2.96,2.0887,9.498834498834485,-2.9414498141264067,1
200704,12.58,0.25,3.0,2.032,9.300970873786408,-4.56957685624384,1
200705,12.43,0.28,3.18,1.9816,8.964915681333597,-9.021624351499014,1
200706,12.03,0.28,3.69,1.9319,8.043205709325886,-14.072855046034782,1
200707,11.73,0.24,3.74,1.8828,7.701947175631374,-13.999908646599357,1
200708,11.43,0.47,4.18,1.966,6.959109234018057,-8.808386288788906,1
200709,11.22,0.18,4.15,1.8996,6.78828612578013,-12.408355235855574,1
200710,11.18,0.3,4.12,1.801,6.780637725701122,-16.166271004980683,1
200711,11.18,0.38,4.19,1.7699,6.70889720702561,-17.980443950136717,1
200712,11.18,0.74,4.46,1.786,6.433084434233183,-16.926368668310154,1
200801,11.18,0.54,4.56,1.7743,6.331293037490426,-17.030628945522565,1
200802,11.18,0.49,4.61,1.7277,6.280470318325193,-17.583361160139287,1
200803,11.18,0.48,4.73,1.7076,6.158693784016034,-18.245798822233915,1
200804,11.37,0.55,5.04,1.6889,6.026275704493522,-16.88484251968504,1
200805,11.63,0.79,5.58,1.6605,5.7302519416556175,-16.20407751312071,1
200806,12.09,0.74,6.06,1.6189,5.685461059777497,-16.201666752937516,1
200807,12.36,0.53,6.37,1.5914,5.631287017016051,-15.476949224559178,1
200808,12.92,0.28,6.17,1.6123,6.357728171799937,-17.99084435401831,1
200809,13.39,0.26,6.25,1.7996,6.720000000000015,-5.264266161297105,1
200810,13.66,0.45,6.41,2.1729,6.813269429564883,20.649639089394768,1
200811,13.64,0.36,6.39,2.2663,6.814550239684181,28.046782304084992,1
200812,13.66,0.28,5.9,2.3944,7.327667610953736,34.06494960806272,1
200901,13.32,0.48,5.84,2.3074,7.067271352985638,30.04565180634615,1
200902,12.66,0.55,5.9,2.3127,6.383380547686501,33.86004514672687,1
200903,11.7,0.2,5.61,2.3138,5.766499384527979,35.50011712344811,1
200904,11.11,0.48,5.53,2.2059,5.287595944281254,30.611640712890043,1
200905,10.16,0.47,5.2,2.0609,4.714828897338386,24.11321890996687,1
200906,9.54,0.36,4.8,1.9576,4.522900763358773,20.921613441225517,1
200907,9.01,0.24,4.5,1.9328,4.315789473684228,21.452808847555627,1
200908,8.65,0.15,4.36,1.8452,4.1107704101188025,14.445202505737132,1
200909,8.65,0.24,4.34,1.8198,4.130726471152002,1.1224716603689622,1
200910,8.65,0.28,4.17,1.7384,4.300662378803866,-19.99631828432049,1
200911,8.65,0.41,4.22,1.7262,4.250623680675503,-23.831796319992947,1
200912,8.65,0.37,4.31,1.7503,4.160674911322038,-26.90026729034414,1
201001,8.65,0.75,4.59,1.7798,3.8818242661822433,-22.865562971309693,1
201002,8.65,0.78,4.83,1.8416,3.6439950395878995,-20.370130150905872,1
201003,8.65,0.52,5.17,1.7858,3.308928401635436,-22.81960411444377,1
201004,8.72,0.57,5.26,1.7566,3.2870986129583946,-20.368103721836906,1
201005,9.4,0.43,5.22,1.8132,3.9726287777988922,-12.019020816148295,1
201006,9.94,0.0,4.84,1.8065,4.864555513162916,-7.718635063342871,1
201007,10.32,0.01,4.6,1.7696,5.468451242829819,-8.443708609271528,1
201008,10.66,0.04,4.49,1.7596,5.904871279548285,-4.63906351615001,1
201009,10.66,0.45,4.7,1.7187,5.692454632282717,-5.55555555555557,1
201010,10.66,0.75,5.2,1.6835,5.190114068441054,-3.1580763920846744,1
201011,10.66,0.83,5.63,1.7133,4.761904761904767,-0.74730622175877,1
201012,10.66,0.63,5.91,1.6934,4.484940043433117,-3.2508712792092775,1
201101,10.85,0.83,5.99,1.6749,4.585338239456549,-5.893920665243291,1
201102,11.17,0.8,6.01,1.668,4.867465333459098,-9.426585577758473,1
201103,11.62,0.79,6.3,1.6591,5.004703668861721,-7.094859446746559,1
201104,11.74,0.77,6.51,1.5864,4.910337057553282,-9.689172264602064,1
201105,11.92,0.47,6.55,1.6135,5.039887376818375,-11.013677476285022,1
201106,12.1,0.15,6.71,1.587,5.051073001593109,-12.150567395516198,1
201107,12.25,0.16,6.87,1.5639,5.034153644614969,-11.624095840867987,1
201108,12.42,0.37,7.23,1.597,4.840063415089069,-9.24073653102978,1
201109,11.91,0.53,7.31,1.7498,4.286646165315444,1.8095071856635947,1
201110,11.7,0.43,6.97,1.7726,4.4218005048144216,5.292545292545281,1
201111,11.4,0.52,6.64,1.7905,4.463615903975993,4.5059242397712085,1
201112,10.9,0.5,6.5,1.8369,4.131455399061035,8.474075823786453,1
201201,10.7,0.56,6.22,1.7897,4.2176614573526505,6.854140545704213,1
201202,10.4,0.45,5.84,1.7184,4.308390022675734,3.021582733812944,1
201203,9.82,0.21,5.24,1.7953,4.351957430634745,8.2092700861913,1
201204,9.35,0.64,5.1,1.8548,4.043767840152235,16.91880988401411,1
201205,8.87,0.36,4.99,1.986,3.695590056195819,23.086458010536106,1
201206,8.39,0.08,4.92,2.0492,3.307281738467416,29.124133585381216,1
201207,8.07,0.43,5.2,2.0287,2.728136882129273,29.720570368949417,1
201208,7.85,0.41,5.24,2.0294,2.4800456100342094,27.07576706324357,1
201209,7.39,0.57,5.28,2.0281,2.00417933130701,15.904674819979414,1
201210,7.23,0.59,5.45,2.0298,1.6880037932669456,14.50975967505359,1
201211,7.14,0.6,5.53,2.0678,1.5256325215578403,15.487294051940804,1
201212,7.16,0.79,5.84,2.0778,1.2471655328798237,13.114486362894006,1
201301,7.11,0.86,6.15,2.0311,0.904380593499754,13.488294127507384,1
201302,7.12,0.6,6.31,1.9733,0.7619226789577604,14.833566108007457,1
201303,7.15,0.47,6.59,1.9828,0.5253776151608713,10.443936946471343,1
201304,7.26,0.55,6.49,2.0022,0.7230725889755041,7.946948458054792,1
201305,7.42,0.37,6.5,2.0348,0.8638497652582178,2.457200402819737,1
201306,7.9,0.26,6.7,2.173,1.1246485473289658,6.041382002732787,1
201307,8.23,0.03,6.27,2.2522,1.844358708948901,11.016907379109785,1
201308,8.45,0.24,6.09,2.3422,2.2245263455556774,15.413422686508337,1
201309,8.9,0.35,5.86,2.2705,2.8717173625543158,11.952073369163285,1
201310,9.25,0.57,5.84,2.1886,3.2218442932728575,7.823430879889659,1
201311,9.45,0.54,5.77,2.2954,3.479247423655085,11.006867201857041,1
201312,9.9,0.92,5.91,2.3455,3.767349636483819,12.883819424391184,1
201401,10.17,0.55,5.59,2.3822,4.337531963254082,17.286199596277886,1
201402,10.43,0.69,5.68,2.3837,4.494700984102962,20.797648608929208,1
201403,10.65,0.92,6.15,2.3261,4.239284032030133,17.31389953600968,1
201404,10.87,0.67,6.28,2.2328,4.318780579601067,11.517330935970428,1
201405,10.9,0.46,6.37,2.2209,4.258719563786761,9.145862001179461,1
201406,10.9,0.4,6.52,2.2355,4.111903867818256,2.8762080073631013,1
201407,10.9,0.01,6.5,2.2246,4.131455399061035,-1.2254684308676045,1
201408,10.9,0.25,6.51,2.268,4.121678715613553,-3.167961745367609,1
201409,10.9,0.57,6.75,2.3329,3.8875878220140603,2.7482933274608934,1
201410,10.92,0.42,6.59,2.4483,4.062294774369057,11.866033080508087,1
201411,11.15,0.51,6.56,2.5484,4.307432432432434,11.022044088176353,1
201412,11.58,0.78,6.41,2.6394,4.85856592425522,12.530377318269048,1
201501,11.82,1.24,7.14,2.6342,4.368116483106244,10.57845688859036,1
201502,12.15,1.22,7.7,2.8165,4.131847725162485,18.156647229097622,1
201503,12.58,1.32,8.13,3.1395,4.115416628132795,34.968402046343684,1
201504,12.68,0.71,8.17,3.0432,4.169363039659779,36.29523468290936,1
201505,13.15,0.74,8.47,3.0617,4.314557020374288,37.85852582286462,1
201506,13.58,0.79,8.89,3.1117,4.3070989071539945,39.194811004249594,1
201507,13.69,0.62,9.56,3.2231,3.7696239503468565,44.884473613233844,1
201508,14.15,0.22,9.53,3.5143,4.2180224596001015,54.95149911816579,1
201509,14.15,0.54,9.49,3.9065,4.256096447164115,67.45252689785247,1
201510,14.15,0.82,9.93,3.8801,3.838806513235693,58.48139525384961,1
201511,14.15,1.01,10.48,3.7765,3.3218682114409814,48.19102181761106,1
201512,14.15,0.96,10.67,3.8711,3.1444835998915677,46.665908918693646,1
201601,14.15,1.27,10.71,4.0524,3.1072170535633603,53.83797737453495,1
201602,14.15,0.9,10.36,3.9737,3.434215295396892,41.08645481981181,1
201603,14.15,0.43,9.39,3.7039,4.351403236127593,17.97738493390668,1
201604,14.15,0.61,9.28,3.5658,4.456442166910679,17.17271293375393,1
201605,14.15,0.78,9.32,3.5393,4.418221734357841,15.599176927850532,1
201606,14.15,0.35,8.84,3.4245,4.878721058434388,10.052382941800309,1
201607,14.15,0.52,8.74,3.2756,4.975170130586726,1.6288666190934054,1
201608,14.15,0.44,8.97,3.2097,4.753601908782223,-8.667444441282758,1
201609,14.15,0.08,8.48,3.2564,5.226769911504414,-16.641494944323554,1
201610,14.05,0.26,7.87,3.1858,5.729118383239085,-17.893868714723848,1
201611,13.9,0.18,6.99,3.342,6.458547527806324,-11.505362107771743,1
201612,13.65,0.3,6.29,3.3523,6.924451971022694,-13.401875435922605,1
201701,13.17,0.38,5.35,3.1966,7.422876127195055,-21.11834961997827,1
201702,12.82,0.33,4.76,3.1042,7.693776250477291,-21.881370007801294,1
201703,12.15,0.25,4.57,3.1279,7.2487329061872385,-15.551175787683258,1
201704,11.59,0.14,4.08,3.1362,7.215603382013835,-12.047787312804969,1
201705,11.15,0.31,3.6,3.2095,7.287644787644787,-9.318226768004978,1
201706,10.15,-0.23,3.0,3.2954,6.941747572815515,-3.769893415097103,1
201707,10.01,0.24,2.71,3.2061,7.107389738097569,-2.1217486872633917,1
201708,9.15,0.19,2.46,3.1509,6.529377317977736,-1.8319469109262632,1
201709,8.35,0.16,2.54,3.1348,5.666081529159328,-3.7341849895590307,1
201710,8.01,0.42,2.7,3.1912,5.170399221032151,0.16950216586100186,1
201711,7.4,0.28,2.8,3.2594,4.474708171206232,-2.4715739078396193,1
201712,7.0,0.44,2.95,3.2919,3.9339485186983936,-1.8017480535751584,1
201801,6.9,0.29,2.86,3.2106,3.9276686758701107,0.4379653381717974,1
201802,6.72,0.32,2.84,3.2415,3.772851030727331,4.423039752593261,1
201803,6.58,0.09,2.68,3.2792,3.7982080249318484,4.837111160842733,1
201804,6.4,0.22,2.76,3.4075,3.542234332425065,8.650596262993426,1
201805,6.4,0.4,2.86,3.6361,3.4415710674703615,13.291789998442137,1
201806,6.4,1.26,4.39,3.7732,1.9254717884854777,14.498998604114831,1
201807,6.4,0.33,4.48,3.8288,1.8376722817764257,19.422351143133397,1
201808,6.4,-0.09,4.19,3.9298,2.121124868029556,24.719921292329182,1
201809,6.4,0.48,4.53,4.1165,1.7889601071462868,31.31619242056911,1
201810,6.4,0.45,4.56,3.7584,1.759755164498844,17.773878164953636,1
201811,6.4,-0.21,4.05,3.7867,2.2585295530994864,16.177824139412177,1
201812,6.4,0.15,3.75,3.8851,2.554216867469883,18.01998845651447,1
201901,6.4,0.32,3.78,3.7417,2.524571208325299,16.542079362113004,1
201902,6.4,0.43,3.89,3.7236,2.4160169409952914,14.872744099953717,1
201903,6.4,0.75,4.58,3.8465,1.7402945113788482,17.299951207611606,1
201904,6.4,0.57,4.94,3.8962,1.3912712025919483,14.341892883345553,1
201905,6.4,0.13,4.66,4.0015,1.662526275558962,10.049228569071268,1
201906,6.4,0.01,3.37,3.8588,2.9312179549192185,2.268631400402832,1
201907,6.4,0.19,3.22,3.7793,3.0807982949040857,-1.2928332636857554,1
201908,5.9,0.11,3.43,4.02,2.3880885623126735,2.295282202656601,1
201909,5.71,-0.04,2.89,4.1215,2.740791136164833,0.1214624073849091,1
201910,5.38,0.1,2.54,4.087,2.7696508679539766,8.743082162622384,1
201911,4.9,0.51,3.27,4.1553,1.5783867531713014,9.73406924234823,1
201912,4.59,1.15,4.31,4.1096,0.26843063944015366,5.778487040230629,1
202001,4.4,0.21,4.19,4.1495,0.20155485171322596,10.898789320362411,1
202002,4.19,0.25,4.01,4.341,0.1730602826651273,16.580728327425078,1
202003,3.95,0.07,3.3,4.8839,0.629235237173309,26.96997270245678,1
202004,3.65,-0.31,2.4,5.3256,1.220703125,36.68702838663314,1
202005,3.01,-0.38,1.88,5.6434,1.109148017275241,41.03211295764089,1
202006,2.58,0.26,2.13,5.1966,0.4406149025751427,34.66880895615216,1
202007,2.15,0.36,2.31,5.2802,-0.15638744990712494,39.71370359590401,1
202008,1.94,0.24,2.44,5.4612,-0.48809058961342133,35.85074626865672,1
202009,1.9,0.64,3.14,5.3995,-1.202249369788655,31.008128108698287,1
202010,1.9,0.86,3.92,5.6258,-1.943802925327176,37.65108881820407,1
202011,1.9,0.89,4.31,5.4178,-2.3104208608954124,30.38288450894038,1
202012,1.9,1.35,4.52,5.1456,-2.5066972828166834,25.20926610862371,1
202101,1.9,0.25,4.56,5.3562,-2.5439938791124828,29.080612121942416,1
202102,1.9,0.86,5.2,5.4165,-3.136882129277585,24.775397373876974,1
202103,2.23,0.93,6.1,5.6461,-3.6475023562676734,15.606380147013654,1
202104,2.65,0.31,6.76,5.5621,-3.8497564630948,4.440814180561814,1
202105,3.29,0.83,8.06,5.2911,-4.4142143253747985,-6.242690576602749,1
202106,3.76,0.53,8.35,5.0319,-4.236271342870312,-3.1693799792171795,1
202107,4.15,0.96,8.99,5.1567,-4.440774382970913,-2.338926555812282,1
202108,5.01,0.87,9.68,5.2517,-4.257840991976658,-3.836153226397132,1
202109,5.43,1.16,10.25,5.2797,-4.371882086167799,-2.218723955921842,1
202110,6.3,1.25,10.67,5.54,-3.948676244691429,-1.5251164278858087,1
202111,7.65,0.95,10.74,5.5569,-2.7903196676900777,2.5674628077817507,1
202112,8.76,0.73,10.06,5.6514,-1.1811739051426628,9.829757462686572,1
202201,9.15,0.54,10.38,5.5341,-1.1143323065772925,3.321384563683205,1
202202,10.49,1.01,10.54,5.1966,-0.04523249502441651,-4.05981722514539,1
202203,11.15,1.62,11.3,4.9684,-0.13477088948787852,-12.002975505215986,1
202204,11.65,1.06,12.13,4.758,-0.4280745563185473,-14.456769925028311,1
202205,12.51,0.47,11.73,4.9551,0.6981115188400722,-6.350286329874699,1
202206,12.89,0.67,11.89,5.0492,0.8937349182232657,0.34380651443788324,1
202207,13.15,-0.68,10.07,5.3681,2.798219314981365,4.099521011499618,1
202208,13.58,-0.36,8.73,5.1433,4.460590453416713,-2.0640935316183273,1
202209,13.65,-0.29,7.17,5.237,6.046468228048885,-0.8087580733753819,1
202210,13.65,0.59,6.47,5.2503,6.7436836667605915,-5.229241877256319,1
202211,13.65,0.41,5.9,5.2747,7.3182247403210665,-5.078371034209717,1
202212,13.65,0.62,5.79,5.2424,7.429813782020989,-7.237144778285021,1
202301,13.65,0.53,5.77,5.2007,7.450127635435377,-6.024466489582759,1
202302,13.65,0.84,5.6,5.1717,7.623106060606055,-0.47915945040988284,1
202303,13.65,0.71,4.65,5.2115,8.600095556617294,4.892923275098626,1
202304,13.65,0.61,4.18,5.0197,9.090036475331154,5.500210172341324,1
202305,13.65,0.23,3.94,4.9828,9.341928035405033,0.5590199995963774,1
202306,13.65,-0.08,3.16,4.8516,10.168670027142301,-3.91349124613799,1
202307,13.65,0.12,3.99,4.8008,9.289354745648627,-10.567984948119458,1
202308,13.19,0.23,4.61,4.9035,8.201892744479489,-4.6623762953745596,1
202309,12.97,0.26,5.19,4.937,7.396140317520672,-5.728470498376925,1
202310,12.65,0.24,4.82,5.0648,7.4699484831139085,-3.5331314401081837,1
202311,12.17,0.28,4.68,4.8983,7.155139472678629,-7.13595085976454,1
202312,11.87,0.56,4.62,4.8972,6.92984133052954,-6.584770334198076,1
202401,11.65,0.42,4.51,4.9144,6.831882116543886,-5.50502816928492,1
202402,11.15,0.83,4.5,4.9644,6.363636363636371,-4.0083531527350775,1
202403,11.0,0.16,3.93,4.9801,6.802655633599564,-4.440180370334835,1
202404,10.65,0.38,3.69,5.1291,6.712315555984194,2.1794131123373806,1
202405,10.46,0.46,3.93,5.133,6.283075146733386,3.014369430842101,1
202406,10.4,0.21,4.23,5.389,5.919600882663345,11.076758182867508,1
202407,10.4,0.38,4.5,5.542,5.6459330143540765,15.439093484419274,1
202408,10.4,-0.02,4.24,5.5526,5.909439754412893,13.2374834302029,1
202409,10.5,0.44,4.42,5.5416,5.822639341122393,12.246303423131444,1
202410,10.65,0.56,4.76,5.6241,5.622374952271847,11.042884220502302,1
202411,11.04,0.39,4.87,5.8071,5.883474778296938,18.553375660943594,1
202412,11.77,0.52,4.83,6.097,6.620242297052359,24.499714122355655,1
202501,12.24,0.16,4.56,6.0218,7.345065034429998,22.53377828422596,1
202502,13.15,1.31,5.06,5.7656,7.700361698077285,16.138909032310032,1
202503,13.57,0.56,5.48,5.7468,7.669700417140679,15.395273187285397,1
202504,14.15,0.43,5.53,5.7837,8.168293376291103,12.762472948470482,1
202505,14.55,0.26,5.32,5.6674,8.763767565514623,10.411065653613871,1
202506,14.74,0.24,5.35,5.5471,8.913146654010419,2.933753943217665,1
202507,14.9,0.26,5.23,5.5285,9.189394659317696,-0.24359437026343356,1
202508,14.9,-0.11,5.13,5.4469,9.293255968800551,-1.9036127219680843,1
202509,14.9,0.48,5.17,5.3674,9.251687743653125,-3.1434964631153473,1
202510,14.9,0.09,4.68,5.3855,9.763087504776458,-4.242456570829112,1
202511,14.9,0.18,4.46,5.3409,9.994256174612293,-8.028103528439324,1
202512,14.9,0.33,4.26,5.4531,10.20525609054288,-10.560931605707735,1
202601,14.9,0.33,4.44,5.338,10.015319800842581,-11.355408681789491,1
202602,14.9,0.7,3.81,5.2006,10.682978518447172,-9.799500485638967,1
202603,14.8,0.88,4.14,5.2316,10.236220472440948,-8.96498921138721,1
202604,14.64,0.67,4.39,5.0331,9.818948175112553,-12.97785154831681,1
202605,14.4,0.58,4.72,4.9837,9.243697478991608,-12.063732928679816,1
202606,14.29,0.16,4.64,5.1276,9.222094801223246,-7.5625101404337425,1
202607,14.15,0.07,4.44,5.1139,9.297204136346227,-7.4993216966627525,1
202608,13.94,-0.32,4.22,5.1532,9.32642487046631,-5.392057867778011,0
202609,13.79,,,,,,0
