codigo,atividade,lag_juro,beta_juro,se_juro,t_juro,beta_cambio,se_cambio,t_cambio,r2,n,sd_yoy
1,Indústria geral,0,0.1025,0.1699,0.6032,-0.1181,0.0489,-2.4153,0.2044,147,4.4521
2,Indústrias extrativas,12,0.4117,0.1695,2.4294,-0.1136,0.0666,-1.7045,0.0803,147,7.678
3,Indústrias de transformação,0,-0.0415,0.2243,-0.1851,-0.1244,0.0593,-2.0969,0.1547,147,4.9982
3.10,produtos alimentícios,12,0.0895,0.1575,0.5681,-0.07,0.0396,-1.7677,0.0334,147,6.2085
3.11,bebidas,0,-0.0325,0.2956,-0.11,-0.0606,0.0419,-1.4468,0.0204,147,6.6514
3.12,produtos do fumo,12,0.206,0.5228,0.394,-0.0995,0.1732,-0.5744,0.0073,147,19.5884
3.13,produtos têxteis,0,0.6167,0.4984,1.2374,-0.1842,0.1148,-1.6042,0.2045,147,8.8379
3.14,Confecção de artigos do vestuário e acessó,0,-0.1806,0.3993,-0.4521,-0.1424,0.0676,-2.1083,0.0631,147,8.7582
3.15,"couros e fabricação de artefatos de couro,",11,-0.0058,0.3187,-0.0183,-0.1201,0.042,-2.8573,0.0614,147,7.787
3.16,produtos de madeira,0,-0.4947,0.2998,-1.65,-0.0305,0.0665,-0.458,0.0319,147,8.6446
3.17,"celulose, papel e produtos de papel",1,-0.1962,0.1181,-1.6616,-0.0128,0.0197,-0.6497,0.0202,147,4.3872
3.18,Impressão e reprodução de gravações,0,-1.0805,0.8241,-1.3111,-0.3334,0.1119,-2.9803,0.1103,147,16.6847
3.19,"coque, de produtos derivados do petróleo e",0,-0.5488,0.2784,-1.9714,-0.0634,0.0713,-0.889,0.0632,147,7.1303
3.20,produtos químicos,2,-0.3527,0.242,-1.4574,-0.0464,0.0462,-1.0051,0.0678,147,4.7387
3.21,produtos farmoquímicos e farmacêuticos,12,-0.0149,0.5755,-0.0259,-0.0532,0.1086,-0.4901,0.0045,147,12.7804
3.22,produtos de borracha e de material plástic,0,0.5293,0.2969,1.7824,-0.1128,0.0729,-1.5485,0.2079,147,6.1735
3.23,produtos de minerais não metálicos,0,-0.3118,0.2444,-1.2758,-0.0552,0.0748,-0.7375,0.0426,147,5.5638
3.24,Metalurgia,0,-0.2232,0.2887,-0.773,-0.1472,0.0589,-2.498,0.1176,147,6.6339
3.25,"produtos de metal, exceto máquinas e equip",0,0.1046,0.4243,0.2466,-0.054,0.1068,-0.5052,0.0186,147,7.4236
3.26,"equipamentos de informática, produtos elet",4,0.1401,0.7389,0.1896,-0.4471,0.1711,-2.6126,0.1829,147,17.0097
3.27,"máquinas, aparelhos e materiais elétricos",0,0.1244,0.5603,0.2219,-0.0631,0.1404,-0.449,0.0163,147,9.314
3.28,máquinas e equipamentos,2,-0.8117,0.3617,-2.2443,-0.2056,0.1109,-1.8537,0.158,147,9.3992
3.29,"veículos automotores, reboques e carroceri",0,-0.3383,0.7444,-0.4545,-0.4145,0.1681,-2.4654,0.1458,147,16.8738
3.30,"outros equipamentos de transporte, exceto ",12,-0.6432,0.6729,-0.9559,-0.13,0.118,-1.102,0.0592,147,12.9983
3.31,móveis,0,0.933,0.6018,1.5503,-0.0546,0.1395,-0.3912,0.0999,147,10.6613
3.32,produtos diversos,1,-0.0296,0.3657,-0.081,-0.0416,0.0939,-0.4428,0.005,147,9.14
3.33,"Manutenção, reparação e instalação de máqu",12,0.2161,0.2566,0.8422,-0.161,0.0385,-4.1785,0.1238,147,7.4252
