codigo,atividade,lag_juro,beta_juro,se_juro,t_juro,sd_yoy,efeito_pp,ic_inf,ic_sup,efeito_por_vol,ic_exclui_zero
3.18,Impressão e reprodução de gravações,0,-1.08,0.824,-1.311,16.685,3.241,-1.604,8.087,0.194,0
3.28,máquinas e equipamentos,2,-0.812,0.362,-2.244,9.399,2.435,0.308,4.562,0.259,1
3.30,"outros equipamentos de transporte, exceto ",12,-0.643,0.673,-0.956,12.998,1.93,-2.027,5.886,0.148,0
3.19,"coque, de produtos derivados do petróleo e",0,-0.549,0.278,-1.971,7.13,1.646,0.01,3.283,0.231,1
3.16,produtos de madeira,0,-0.495,0.3,-1.65,8.645,1.484,-0.279,3.247,0.172,0
3.20,produtos químicos,2,-0.353,0.242,-1.457,4.739,1.058,-0.365,2.481,0.223,0
3.29,"veículos automotores, reboques e carroceri",0,-0.338,0.744,-0.454,16.874,1.015,-3.362,5.392,0.06,0
3.23,produtos de minerais não metálicos,0,-0.312,0.244,-1.276,5.564,0.935,-0.502,2.372,0.168,0
3.24,Metalurgia,0,-0.223,0.289,-0.773,6.634,0.669,-1.028,2.367,0.101,0
3.17,"celulose, papel e produtos de papel",1,-0.196,0.118,-1.662,4.387,0.588,-0.106,1.283,0.134,0
3.14,Confecção de artigos do vestuário e acessó,0,-0.181,0.399,-0.452,8.758,0.542,-1.806,2.89,0.062,0
3,Indústrias de transformação,0,-0.042,0.224,-0.185,4.998,0.125,-1.194,1.444,0.025,0
3.11,bebidas,0,-0.033,0.296,-0.11,6.651,0.098,-1.641,1.836,0.015,0
3.32,produtos diversos,1,-0.03,0.366,-0.081,9.14,0.089,-2.061,2.239,0.01,0
3.21,produtos farmoquímicos e farmacêuticos,12,-0.015,0.576,-0.026,12.78,0.045,-3.339,3.429,0.004,0
3.15,"couros e fabricação de artefatos de couro,",11,-0.006,0.319,-0.018,7.787,0.017,-1.857,1.892,0.002,0
3.10,produtos alimentícios,12,0.09,0.158,0.568,6.209,-0.269,-1.195,0.658,-0.043,0
1,Indústria geral,0,0.103,0.17,0.603,4.452,-0.308,-1.307,0.692,-0.069,0
3.25,"produtos de metal, exceto máquinas e equip",0,0.105,0.424,0.247,7.424,-0.314,-2.809,2.181,-0.042,0
3.27,"máquinas, aparelhos e materiais elétricos",0,0.124,0.56,0.222,9.314,-0.373,-3.668,2.922,-0.04,0
3.26,"equipamentos de informática, produtos elet",4,0.14,0.739,0.19,17.01,-0.42,-4.765,3.925,-0.025,0
3.12,produtos do fumo,12,0.206,0.523,0.394,19.588,-0.618,-3.692,2.456,-0.032,0
3.33,"Manutenção, reparação e instalação de máqu",12,0.216,0.257,0.842,7.425,-0.648,-2.157,0.86,-0.087,0
2,Indústrias extrativas,12,0.412,0.169,2.429,7.678,-1.235,-2.232,-0.239,-0.161,1
3.22,produtos de borracha e de material plástic,0,0.529,0.297,1.782,6.173,-1.588,-3.334,0.158,-0.257,0
3.13,produtos têxteis,0,0.617,0.498,1.237,8.838,-1.85,-4.781,1.081,-0.209,0
3.31,móveis,0,0.933,0.602,1.55,10.661,-2.799,-6.338,0.74,-0.263,0
