codigo,atividade,sd_yoy,pior_yoy_sem_covid_pct,pior_yoy_com_covid_pct
3.12,produtos do fumo,19.59,-57.18,-57.18
3.26,"equipamentos de informática, produtos elet",17.01,-40.15,-44.93
3.29,"veículos automotores, reboques e carroceri",16.87,-39.33,-92.11
3.18,Impressão e reprodução de gravações,16.68,-37.24,-57.86
3.30,"outros equipamentos de transporte, exceto ",13.0,-24.38,-81.21
3.21,produtos farmoquímicos e farmacêuticos,12.78,-42.55,-42.55
3.31,móveis,10.66,-36.34,-58.71
3.28,máquinas e equipamentos,9.4,-27.76,-41.82
3.27,"máquinas, aparelhos e materiais elétricos",9.31,-22.86,-42.85
3.32,produtos diversos,9.14,-21.38,-50.44
3.13,produtos têxteis,8.84,-27.46,-53.09
3.14,Confecção de artigos do vestuário e acessó,8.76,-28.47,-66.91
3.16,produtos de madeira,8.64,-27.99,-27.99
3.15,"couros e fabricação de artefatos de couro,",7.79,-22.75,-69.87
2,Indústrias extrativas,7.68,-22.76,-22.76
3.33,"Manutenção, reparação e instalação de máqu",7.43,-18.03,-22.49
3.25,"produtos de metal, exceto máquinas e equip",7.42,-19.37,-34.29
3.19,"coque, de produtos derivados do petróleo e",7.13,-13.87,-13.87
3.11,bebidas,6.65,-15.33,-50.83
3.24,Metalurgia,6.63,-15.07,-33.95
3.10,produtos alimentícios,6.21,-19.13,-19.13
3.22,produtos de borracha e de material plástic,6.17,-18.33,-35.17
3.23,produtos de minerais não metálicos,5.56,-15.59,-37.93
3,Indústrias de transformação,5.0,-12.93,-31.77
3.20,produtos químicos,4.74,-12.9,-13.38
1,Indústria geral,4.45,-13.43,-27.67
3.17,"celulose, papel e produtos de papel",4.39,-10.62,-10.62
