codigo,atividade,base_2019,ult12m,fundo_2020,razao_ult12m_2019,queda_maxima_2020_pct,meses_ate_recuperar
3.18,Impressão e reprodução de gravações,147.04,98.417,49.514,0.669,-66.326,
3.14,Confecção de artigos do vestuário e acessó,127.696,93.214,42.136,0.73,-67.003,
3.31,móveis,127.401,105.391,49.439,0.827,-61.194,4.0
3.15,"couros e fabricação de artefatos de couro,",116.728,97.942,35.444,0.839,-69.635,6.0
3.32,produtos diversos,114.011,96.101,58.35,0.843,-48.821,
3.33,"Manutenção, reparação e instalação de máqu",123.588,104.719,96.385,0.847,-22.011,
3.27,"máquinas, aparelhos e materiais elétricos",109.812,99.277,62.82,0.904,-42.794,4.0
3.16,produtos de madeira,102.881,93.08,78.007,0.905,-24.178,4.0
3.26,"equipamentos de informática, produtos elet",103.409,96.173,61.415,0.93,-40.61,4.0
3.25,"produtos de metal, exceto máquinas e equip",104.414,97.358,69.755,0.932,-33.194,4.0
3.13,produtos têxteis,113.686,108.805,55.262,0.957,-51.39,5.0
3.29,"veículos automotores, reboques e carroceri",112.099,108.08,9.394,0.964,-91.62,52.0
3.21,produtos farmoquímicos e farmacêuticos,102.185,101.848,104.253,0.997,2.024,0.0
3.20,produtos químicos,95.471,96.013,77.236,1.006,-19.1,4.0
3,Indústrias de transformação,100.843,102.392,67.292,1.015,-33.271,4.0
3.23,produtos de minerais não metálicos,95.119,97.913,58.034,1.029,-38.989,4.0
1,Indústria geral,101.407,104.481,70.247,1.03,-30.728,4.0
3.24,Metalurgia,98.272,101.694,68.723,1.035,-30.068,7.0
3.11,bebidas,96.968,100.638,44.192,1.038,-54.426,4.0
3.22,produtos de borracha e de material plástic,103.416,108.04,66.456,1.045,-35.739,4.0
3.10,produtos alimentícios,102.12,107.059,84.703,1.048,-17.055,2.0
3.17,"celulose, papel e produtos de papel",92.432,99.523,87.035,1.077,-5.838,4.0
2,Indústrias extrativas,105.874,116.738,93.628,1.103,-11.567,4.0
3.30,"outros equipamentos de transporte, exceto ",107.95,119.115,20.763,1.103,-80.766,29.0
3.28,máquinas e equipamentos,86.147,95.383,51.1,1.107,-40.683,5.0
3.19,"coque, de produtos derivados do petróleo e",90.519,103.949,76.274,1.148,-15.737,2.0
3.12,produtos do fumo,84.126,116.421,86.113,1.384,2.362,0.0
