codigo,0,1,2,3,4,5,6,7,8,9,10,11,12
1,0.191,0.203,0.211,0.224,0.222,0.23,0.238,0.236,0.246,0.242,0.241,0.235,0.235
2,0.452,0.456,0.447,0.425,0.409,0.401,0.386,0.372,0.354,0.306,0.257,0.2,0.157
3,0.082,0.093,0.105,0.124,0.126,0.137,0.149,0.15,0.166,0.173,0.184,0.191,0.202
3.10,0.257,0.272,0.257,0.237,0.201,0.173,0.157,0.14,0.14,0.123,0.102,0.068,0.03
3.11,0.024,0.05,0.084,0.106,0.099,0.087,0.069,0.057,0.06,0.054,0.045,0.049,0.046
3.12,0.243,0.242,0.232,0.239,0.249,0.242,0.225,0.196,0.166,0.123,0.084,0.053,0.027
3.13,0.318,0.343,0.374,0.403,0.422,0.439,0.443,0.433,0.434,0.431,0.437,0.437,0.441
3.14,0.004,0.02,0.033,0.058,0.071,0.099,0.123,0.119,0.132,0.146,0.16,0.175,0.2
3.15,0.034,0.032,0.023,0.035,0.039,0.036,0.032,0.017,0.007,-0.01,-0.016,-0.018,-0.005
3.16,-0.17,-0.131,-0.076,-0.008,0.059,0.127,0.186,0.235,0.286,0.329,0.376,0.427,0.473
3.17,-0.125,-0.135,-0.125,-0.098,-0.071,-0.054,-0.031,-0.023,-0.022,-0.025,-0.015,0.015,0.055
3.18,-0.122,-0.107,-0.107,-0.107,-0.102,-0.076,-0.071,-0.085,-0.079,-0.075,-0.085,-0.103,-0.113
3.19,-0.211,-0.2,-0.172,-0.154,-0.137,-0.131,-0.135,-0.143,-0.156,-0.167,-0.17,-0.179,-0.186
3.20,-0.202,-0.21,-0.211,-0.19,-0.184,-0.182,-0.166,-0.153,-0.108,-0.064,-0.021,0.023,0.083
3.21,0.157,0.133,0.119,0.119,0.098,0.074,0.052,0.041,0.011,-0.01,-0.002,-0.002,-0.011
3.22,0.358,0.381,0.408,0.433,0.445,0.456,0.454,0.437,0.437,0.427,0.419,0.413,0.406
3.23,-0.138,-0.117,-0.103,-0.067,-0.032,0.011,0.054,0.091,0.139,0.172,0.205,0.237,0.275
3.24,-0.012,0.011,0.035,0.059,0.077,0.102,0.131,0.153,0.18,0.198,0.22,0.249,0.279
3.25,0.078,0.11,0.143,0.182,0.205,0.232,0.245,0.261,0.29,0.319,0.351,0.372,0.397
3.26,0.119,0.117,0.114,0.111,0.1,0.108,0.111,0.107,0.108,0.102,0.101,0.101,0.11
3.27,0.073,0.097,0.124,0.159,0.179,0.211,0.244,0.274,0.32,0.363,0.41,0.442,0.471
3.28,-0.187,-0.201,-0.204,-0.194,-0.199,-0.19,-0.17,-0.154,-0.127,-0.106,-0.075,-0.041,-0.001
3.29,0.043,0.045,0.045,0.059,0.061,0.076,0.099,0.111,0.134,0.152,0.164,0.178,0.196
3.30,0.062,0.028,-0.005,-0.054,-0.092,-0.106,-0.121,-0.141,-0.142,-0.144,-0.148,-0.17,-0.184
3.31,0.306,0.34,0.378,0.426,0.454,0.472,0.479,0.476,0.487,0.491,0.502,0.505,0.509
3.32,0.015,0.008,0.017,0.016,0.019,0.035,0.053,0.044,0.065,0.08,0.1,0.117,0.145
3.33,0.298,0.279,0.261,0.25,0.227,0.211,0.189,0.157,0.14,0.128,0.108,0.086,0.062
